국가,치명(%),완치(%),발생률,인구수,확진자_합계,확진자1일,치료중_합계,치료중1일,위중증_합계,위중증1일,사망자합계,사망자1일,완치합계,완치1일
미국🇺🇸,1.8,83.6,103987,331002651,34419838,13779,5034868,-42709,3942,-15,617463,+297,28767507,+56191
인도🇮🇳,1.3,96.5,21723,1380004385,29977861,12569,662521,-18767,8944,,389302,+474,28926038,+30862
브라질🇧🇷,2.8,90.6,84540,212559417,17969806,41878,1178597,-27175,8318,,502817,+899,16288392,+68154
프랑스🇫🇷,1.9,96.7,88210,65273511,5757798,487,80626,-9361,1655,-48,110778,+40,5566394,+9808
터키🇹🇷,0.9,97.4,63738,84339067,5375593,5294,88626,+150,808,-5,49236,+51,5237731,+5093
러시아🇷🇺,2.4,91.4,36667,145934462,5350919,16715,331122,+5052,2300,,130347,+546,4889450,+11117
영국🇬🇧,2.8,92.7,68357,67886011,4640507,10467,208530,+8451,223,+13,127981,+5,4303996,+2011
아르헨티나🇦🇷,2.1,91.4,94641,45195774,4277395,8606,277070,-12463,7345,-21,89490,+447,3910835,+20622
이탈리아🇮🇹,3.0,95.2,70350,60461826,4253460,484,76853,-10857,385,-4,127291,+21,4049316,+11320
콜롬비아🇨🇴,2.5,92.9,77991,50882891,3968405,23239,181876,+3805,8155,,100582,+648,3685947,+18786
스페인🇪🇸,2.1,94.6,80519,46754778,3764651,7209,123928,-8657,793,,80689,+37,3560034,+15829
독일🇩🇪,2.4,96.7,44526,83783942,3730599,353,31492,-2584,889,-321,91007,+37,3608100,+2900
이란🇮🇷,2.7,88.9,37114,83992949,3117336,11716,262414,+124,3249,-9,83217,+116,2771705,+11476
폴란드🇵🇱,2.6,92.1,76071,37846611,2879030,190,153399,+36,224,-18,74858,+29,2650773,+125
멕시코🇲🇽,9.3,79.7,19224,128932753,2478551,1268,273052,-1574,4798,,231244,+57,1974255,+2785
우크라이나🇺🇦,2.3,96.5,50994,43733762,2230142,296,25120,-554,177,,52053,+21,2152969,+829
페루🇵🇪,9.4,N/A,61586,32971854,2030611,986,N/A,,2528,+7,190645,+220,N/A,
인도네시아🇮🇩,2.7,89.7,7378,273523615,2018113,13668,152686,+4958,N/A,,55291,+335,1810136,+8375
남아프리카 공화국🇿🇦,3.2,90.4,30897,59308690,1832479,9160,117004,-110,546,,58795,+93,1656680,+9177
네덜란드🇳🇱,1.1,N/A,98019,17134872,1679542,,N/A,,193,,17727,,N/A,
체코🇨🇿,1.8,98.0,155588,10708981,1666192,110,2427,-213,10,+2,30283,+3,1633482,+320
칠레🇨🇱,2.1,95.4,79630,19116201,1522223,5205,38470,-1332,3236,+6,31645,+132,1452108,+6405
캐나다🇨🇦,1.9,97.4,37348,37742154,1409607,771,11032,-728,535,-32,26084,+8,1372491,+1491
필리핀🇵🇭,1.7,94.4,12483,109581078,1367894,3655,52696,-3151,2029,,23809,+60,1291389,+6746
이라크🇮🇶,1.3,93.2,32139,40222493,1292700,,70911,,539,,16910,,1204879,
스웨덴🇸🇪,1.3,N/A,107732,10099265,1088014,3378,N/A,,73,+2,14570,+33,N/A,
루마니아🇷🇴,3.0,96.8,56157,19237691,1080323,41,2555,-129,151,-7,32465,+74,1045303,+96
벨기에🇧🇪,2.3,94.2,93156,11589623,1079640,225,37925,+220,204,-8,25141,+5,1016574,
파키스탄🇵🇰,2.3,94.2,4300,220892340,949838,663,33452,-568,2179,-59,22034,+27,894352,+1204
포르투갈🇵🇹,2.0,94.7,84910,10196709,865806,756,28657,+360,97,,17068,+3,820081,+393
방글라데시🇧🇩,1.6,91.6,5229,164689383,861150,4846,59063,+1867,1183,-34,13702,+76,788385,+2903
이스라엘🇮🇱,0.8,99.2,97051,8655535,840032,165,434,+56,25,+1,6428,,833170,+109
헝가리🇭🇺,3.7,91.1,83608,9660351,807684,54,41784,-313,32,-5,29963,+4,735937,+363
일본🇯🇵*,1.8,95.3,6214,126476461,785969,,22248,,718,,14439,,749282,
요르단🇯🇴,1.3,97.8,73213,10203134,747000,520,6498,-135,470,,9671,+9,730831,+646
세르비아🇷🇸,1.0,98.6,81929,8737371,715841,,2849,,21,,7004,,705988,
말레이시아🇲🇾,0.6,90.6,21806,32365999,705762,4743,62027,-891,875,-5,4554,+77,639181,+5557
스위스🇨🇭,1.5,96.3,81127,8654622,702124,130,14755,+127,59,-5,10875,+3,676494,
오스트리아🇦🇹,1.6,98.0,72141,9006398,649728,58,2521,-104,76,-4,10684,+4,636523,+158
네팔🇳🇵,1.4,90.2,21497,29136808,626343,3703,52648,-1292,N/A,,8813,+41,564882,+4954
아랍에미레이트🇦🇪,0.3,96.6,62080,9890402,613993,,19246,,N/A,,1763,,592984,
레바논🇱🇧,1.4,97.6,79636,6825445,543551,46,5333,-732,67,,7825,+3,530393,+775
모로코🇲🇦,1.8,97.6,14271,36910560,526737,86,3595,-137,107,,9244,+6,513898,+217
사우디아라비아🇸🇦,1.6,96.2,13656,34813871,475403,,10584,,1489,,7691,,457128,
에콰도르🇪🇨,4.8,93.0,25315,17643054,446633,192,9821,+181,453,-3,21304,+11,415508,
볼리비아🇧🇴,3.8,80.6,36221,11673021,422811,764,65678,-1133,200,,16174,+42,340959,+1855
불가리아🇧🇬,4.3,93.4,60611,6948445,421152,120,9966,-260,200,-7,18000,+10,393186,+370
그리스🇬🇷,3.0,95.5,40156,10423054,418548,206,6111,-683,283,-13,12559,+17,399878,+872
벨라루스🇧🇾,0.7,98.2,43553,9449323,411551,398,4248,+173,N/A,,3063,+10,404240,+215
카자흐스탄🇰🇿,1.0,94.1,21863,18776707,410523,943,20147,-148,221,,4249,+7,386127,+1084
파라과이🇵🇾,2.9,85.0,57164,7132538,407721,1501,49332,-1296,577,+6,11743,+110,346646,+2687
파나마🇵🇦,1.6,95.7,91370,4314767,394241,514,10521,+30,105,,6477,+2,377243,+482
슬로바키아🇸🇰,3.2,96.6,71687,5459642,391385,59,833,-42,30,-5,12502,+6,378050,+95
튀니지🇹🇳,3.7,87.3,32612,11818619,385428,2478,34658,-1292,484,+60,14118,+80,336652,+3690
조지아🇬🇪,1.4,96.2,90258,3989167,360055,914,8639,+255,N/A,,5199,+24,346217,+635
크로아티아🇭🇷,2.3,97.6,87512,4105267,359259,75,532,-3,16,-3,8188,+6,350539,+72
우루과이🇺🇾,1.5,91.7,102593,3473730,356382,1517,24195,-1905,379,-16,5316,+45,326871,+3377
코스타리카🇨🇷,1.3,78.6,69511,5094118,354095,3465,71340,-2689,459,-13,4530,+57,278225,+6097
쿠웨이트🇰🇼,0.6,94.2,79841,4270571,340967,1935,17797,+520,227,+23,1877,+7,321293,+1408
아제르바이잔🇦🇿,1.5,98.2,33092,10139177,335521,,959,,N/A,,4963,,329599,
도미니카 공화국🇩🇴,1.2,81.7,29282,10847910,317645,858,54238,-620,465,,3758,+2,259649,+1476
팔레스타인🇵🇸,1.1,97.9,61318,5101414,312811,138,2945,+63,8,-1,3554,+3,306312,+72
덴마크🇩🇰,0.9,97.7,50405,5792202,291956,155,4050,-468,18,+1,2531,,285375,+623
과테말라🇬🇹,3.1,90.7,15677,17915568,280854,347,17419,-454,5,,8735,+41,254700,+760
리투아니아🇱🇹,1.6,95.5,102291,2722289,278466,59,8129,-278,49,-7,4371,+4,265966,+333
이집트🇪🇬,5.7,74.2,2715,102334404,277797,509,55846,+30,90,,15898,+39,206053,+440
에티오피아🇪🇹,1.6,92.8,2395,114963588,275318,124,15530,-433,204,+3,4286,+3,255502,+554
아일랜드🇮🇪,1.8,94.0,54543,4937786,269321,273,11054,-108,13,-2,4979,+38,253288,+343
바레인🇧🇭,0.5,96.8,154736,1701575,263295,403,7071,-605,164,-1,1311,+5,254913,+1003
베네수엘라🇻🇪,1.1,92.5,9215,28435940,262038,1298,16708,-141,287,,2973,+15,242357,+1424
슬로베니아🇸🇮,1.7,97.7,123653,2078938,257066,65,1407,-155,33,-2,4416,+1,251243,+219
몰도바🇲🇩,2.4,97.3,63508,4033963,256187,47,798,+5,56,+2,6173,+3,249216,+39
온두라스🇭🇳,2.7,36.1,25664,9904607,254194,319,155560,+179,548,+6,6772,+6,91862,+134
오만🇴🇲,1.1,87.6,49467,5106626,252609,2037,28577,+917,443,+15,2782,+41,221250,+1079
스리랑카🇱🇰,1.1,83.3,11293,21413249,241820,2131,37798,+2079,N/A,,2633,+52,201389,
태국🇹🇭,0.8,83.3,3229,69799978,225365,4059,35836,+1977,1436,,1693,+35,187836,+2047
아르메니아🇦🇲,2.0,96.4,75704,2963243,224330,77,3646,+4,N/A,,4502,+3,216182,+70
카타르🇶🇦,0.3,98.9,76749,2881053,221119,189,1951,+39,72,-2,584,+1,218584,+149
보스니아 헤르체고비나🇧🇦,4.7,88.0,62442,3280819,204860,46,14972,-354,N/A,,9643,+13,180245,+387
리비아🇱🇾,1.7,92.4,27834,6871292,191253,215,11423,+13,N/A,,3181,+3,176649,+199
케냐🇰🇪,1.9,68.6,3334,53771296,179293,218,52867,-48,113,,3461,+5,122965,+261
쿠바🇨🇺,0.7,94.3,14953,11326616,169365,1561,8420,+263,161,+15,1170,+11,159775,+1287
나이지리아🇳🇬,1.3,97.9,812,206139589,167292,86,1377,-155,11,,2118,+1,163797,+240
북마케도니아🇲🇰,3.5,96.3,74700,2083374,155627,,273,,25,,5477,,149877,
대한민국🇰🇷,1.3,94.7,2963,51269185,151901,395,6078,-156,135,-2,2006,+2,143817,+549
미얀마🇲🇲,2.2,90.0,2731,54409800,148617,595,11599,+445,N/A,,3265,+3,133753,+147
라트비아🇱🇻,1.8,96.9,72620,1886198,136975,125,1757,+124,42,,2497,+1,132721,
알제리🇩🇿,2.7,69.6,3108,43851044,136294,473,37831,+212,29,,3641,+10,94822,+251
잠비아🇿🇲,1.3,83.7,7270,18383955,133659,3028,20071,+1581,1119,+96,1744,+53,111844,+1394
알바니아🇦🇱,1.9,98.1,46039,2877797,132491,1,107,-11,3,,2455,+1,129929,+11
에스토니아🇪🇪,1.0,96.9,98644,1326535,130855,37,2788,-66,4,-1,1269,+1,126798,+102
노르웨이🇳🇴,0.6,68.7,23896,5421241,129545,212,39803,+212,7,,790,,88952,
키르기스스탄🇰🇬,1.7,90.9,17864,6524195,116546,931,8669,+401,102,,1945,+8,105932,+522
아프가니스탄🇦🇫,4.0,60.7,2773,38928346,107957,2202,38026,+1635,1124,,4366,+73,65565,+494
코소보🇽🇰,2.1,97.9,59237,1810463,107247,,-34,,N/A,,2256,,105025,
우즈베키스탄🇺🇿,0.7,96.0,3192,33469203,106847,395,3581,+10,23,,720,+2,102546,+383
몬테네그로🇲🇪,1.6,98.1,159365,628066,100092,17,298,-5,6,,1605,,98189,+22
몽골🇲🇳,0.5,65.6,29909,3278290,98050,2231,33237,+1333,126,,459,+12,64354,+886
가나🇬🇭,0.8,97.8,3059,31072940,95059,146,1260,+21,9,,794,+1,93005,+124
핀란드🇫🇮,1.0,48.7,17054,5540720,94489,110,47522,+110,9,,967,,46000,
중국🇨🇳,5.1,94.4,64,1439323776,91629,25,512,-10,N/A,,4636,,86481,+35
카메룬🇨🇲,1.6,97.3,3026,26545863,80328,,853,,152,,1313,,78162,
엘살바도르🇸🇻,3.0,92.4,11946,6486205,77484,384,3540,+119,28,-2,2341,+9,71603,+256
나미비아🇳🇦,1.6,79.8,29819,2540905,75766,1084,14103,+261,90,+14,1179,+15,60484,+808
키프로스🇨🇾,0.5,97.8,61051,1207359,73710,67,1253,-27,19,-3,374,,72083,+94
우간다🇺🇬,0.9,68.5,1589,45741007,72679,1136,22205,+854,1099,+73,680,+20,49794,+262
모잠비크🇲🇿,1.2,96.8,2322,31255435,72577,70,1488,-122,32,,848,,70241,+192
몰디브🇲🇻,0.3,93.1,133475,540544,72149,253,4795,-516,90,,206,,67148,+769
룩셈부르크🇱🇺,1.2,98.5,112680,625978,70535,19,258,-146,2,+1,818,,69459,+165
보츠와나🇧🇼,1.6,90.6,27984,2351627,65808,2561,5123,+1357,1,,1069,+129,59616,+1075
싱가포르🇸🇬,0.1,99.4,10674,5850342,62448,18,343,-11,N/A,,35,+1,62070,+28
자메이카🇯🇲,2.1,57.9,16788,2961167,49712,44,19885,-130,6,-2,1034,+1,28793,+173
코트디부아르🇨🇮,0.6,98.8,1821,26378274,48047,3,252,-39,N/A,,308,,47487,+42
캄보디아🇰🇭,1.0,87.9,2639,16718965,44124,678,4899,-103,N/A,,459,+18,38766,+763
세네갈🇸🇳,2.7,96.4,2537,16743927,42472,35,350,-15,7,,1159,+1,40963,+49
짐바브웨🇿🇼,4.0,88.2,2839,14862924,42195,416,3310,+387,10,,1685,+13,37200,+16
마다가스카르🇲🇬,2.1,96.0,1522,27691018,42137,,765,,62,,903,,40469,
콩고민주공화국🇨🇩,2.3,73.7,423,89561403,37926,117,9109,+117,N/A,,879,,27938,
앙골라🇦🇴,2.3,84.2,1149,32866272,37748,70,5098,-45,18,,868,+9,31782,+106
수단🇸🇩,7.5,82.7,829,43849260,36347,,3548,,N/A,,2737,,30062,
말라위🇲🇼,3.4,94.2,1825,19129952,34914,46,852,+23,22,,1171,+3,32891,+20
카보베르데🇨🇻,0.9,97.0,57625,555987,32039,37,665,-66,23,,283,,31091,+103
르완다🇷🇼,1.2,84.9,2427,12952218,31435,622,4343,+616,13,,388,+6,26704,
트리니다드 토바고🇹🇹,2.4,71.1,21984,1399488,30767,148,8148,-126,22,,747,+10,21872,+264
몰타 공화국🇲🇹,1.4,98.5,69291,441543,30595,5,27,+4,N/A,,420,,30148,+1
호주🇦🇺,3.0,96.4,1191,25499884,30366,14,184,+14,1,,910,,29272,
레위니옹🇷🇪,0.8,92.6,31767,895312,28441,,1888,,32,,220,,26333,
프랑스령 기아나🇬🇫,0.5,37.5,89215,298682,26647,197,16510,+192,36,,142,+5,9995,
시리아🇸🇾,7.3,86.4,1438,17500658,25158,40,1563,+28,N/A,,1848,+3,21747,+9
가봉🇬🇦,0.6,97.6,11171,2225734,24864,,442,,17,,158,,24264,
기니🇬🇳,0.7,94.7,1792,13132795,23535,85,1085,+53,24,,168,,22282,+32
모리타니🇲🇷,2.4,95.4,4380,4649658,20365,29,446,+4,16,,481,,19438,+25
수리남🇸🇷,2.3,76.6,34333,586632,20141,116,4250,+8,36,,467,+7,15424,+101
마요트🇾🇹,0.9,15.3,71070,272815,19389,,16251,,6,,174,,2964,
가이아나🇬🇾,2.3,89.7,24339,786552,19144,48,1520,-56,18,-3,449,+2,17175,+102
프랑스령 폴리네시아🇵🇫,0.7,99.1,67538,280908,18972,9,25,-9,N/A,,142,,18805,+18
에스와티니🇸🇿,3.6,95.8,16231,1160164,18831,18,115,-4,10,,677,,18039,+22
아이티🇭🇹,2.2,72.9,1523,11402528,17371,,4319,,N/A,,385,,12667,
파푸아뉴기니🇵🇬,1.0,96.4,1902,8947024,17013,,444,,7,,173,,16396,
과들루프🇬🇵,1.4,13.4,41867,400124,16752,,14273,,23,,229,,2250,
소말리아🇸🇴,5.2,48.5,935,15893222,14867,15,6888,-39,N/A,,775,,7204,+54
세이셸🇸🇨,0.4,91.1,148657,98347,14620,497,1238,-325,N/A,,59,+4,13323,+818
말리🇲🇱,3.6,69.8,710,20250833,14385,4,3825,+1,N/A,,524,,10036,+3
대만🇹🇼,4.0,53.2,594,23816775,14155,75,6052,-6326,N/A,,569,,7534,+6401
안도라🇦🇩,0.9,98.6,179434,77265,13864,,72,,3,,127,,13665,
토고🇹🇬,0.9,97.3,1659,8278724,13731,10,245,+7,N/A,,128,,13358,+3
베트남🇻🇳,0.5,40.0,140,97338579,13630,147,8108,+145,N/A,,69,+2,5453,
부르키나파소🇧🇫,1.2,98.7,644,20903273,13469,,9,,N/A,,167,,13293,
타지키스탄🇹🇯,0.7,99.3,1395,9537645,13308,,0,,N/A,,90,,13218,
벨리즈🇧🇿,2.5,96.4,32792,397628,13039,35,142,+17,N/A,,329,+1,12568,+17
바하마🇧🇸,2.0,91.6,31441,393244,12364,69,799,-25,3,,243,+2,11322,+92
퀴라소🇨🇼,1.0,98.7,75073,164093,12319,1,33,,4,,125,,12161,+1
콩고공화국🇨🇬,1.3,91.2,2229,5518087,12298,,926,,N/A,,161,,11211,
마르티니크🇲🇶,0.8,0.8,32452,375265,12178,,11982,,5,,98,,98,
홍콩🇭🇰,1.8,97.6,1587,7496981,11896,7,70,+5,N/A,,210,,11616,+2
지부티🇩🇯,1.3,98.6,11732,988000,11591,4,5,,N/A,,155,,11431,+4
아루바🇦🇼,1.0,98.8,104078,106766,11112,4,30,+2,14,,107,,10975,+2
레소토🇱🇸,3.0,58.0,5185,2142249,11107,26,4333,+26,N/A,,329,,6445,
남수단🇸🇸,1.1,97.5,964,11193725,10786,16,157,+16,N/A,,115,,10514,
동티모르🇹🇱,0.2,88.4,6660,1318445,8781,53,1000,-42,N/A,,19,,7762,+95
적도 기니🇬🇶,1.4,97.5,6207,1402985,8708,10,99,+10,1,,120,,8489,
베냉🇧🇯,1.3,98.0,671,12123200,8140,,58,,5,,103,,7979,
니카라과🇳🇮,2.4,54.9,1162,6624554,7696,,3283,,N/A,,188,,4225,
중앙아프리카 공화국🇨🇫,1.4,96.2,1476,4829767,7129,28,172,+28,2,,98,,6859,
예멘🇾🇪,19.7,57.5,231,29825964,6889,4,1576,-1,23,,1355,,3958,+5
아이슬란드🇮🇸,0.5,99.2,19429,341243,6630,3,24,+3,1,,30,,6576,
감비아🇬🇲,3.0,96.6,2501,2416668,6045,21,27,+11,3,,181,,5837,+10
니제르🇳🇪,3.5,94.7,226,24206644,5469,,98,,2,,193,,5178,
에리트레아🇪🇷,0.4,90.3,1529,3546421,5421,59,505,-20,N/A,,19,,4897,+79
부룬디🇧🇮,0.2,14.7,441,11890784,5242,121,4461,+121,N/A,,8,,773,
세인트루시아🇱🇨,1.5,97.1,28416,183627,5218,2,73,-2,N/A,,80,,5065,+4
산마리노🇸🇲,1.8,98.2,150010,33931,5090,,1,,N/A,,90,,4999,
차드🇹🇩,3.5,96.4,301,16425864,4947,1,5,+1,N/A,,174,,4768,
시에라리온🇸🇱,1.7,67.0,612,7976983,4879,63,1528,+58,N/A,,82,,3269,+5
지브롤터🇬🇮,2.2,97.5,128313,33691,4323,2,15,-1,N/A,,94,,4214,+3
바베이도스🇧🇧,1.2,98.6,14076,287375,4045,2,10,,N/A,,47,,3988,+2
코모로🇰🇲,3.7,95.7,4499,869601,3912,4,21,+4,N/A,,146,,3745,
기니비사우🇬🇼,1.8,93.0,1944,1968001,3825,,198,,4,,69,,3558,
라이베리아🇱🇷,3.2,69.8,615,5057681,3109,114,841,+46,2,,99,+4,2169,+64
리히텐슈타인🇱🇮,1.9,97.7,79417,38128,3028,2,12,,3,,59,,2957,+2
뉴질랜드🇳🇿,1.0,98.2,564,4822233,2720,,23,,N/A,,26,,2671,
신트마르턴🇸🇽,1.2,96.6,60057,42876,2575,5,56,-5,2,,32,,2487,+10
모나코🇲🇨,1.3,97.3,64956,39242,2549,1,35,-6,1,,33,,2481,+7
버뮤다🇧🇲,1.3,98.3,40207,62278,2504,,10,,7,,33,,2461,
터크스 케이커스 제도🇹🇨,0.7,98.6,62608,38717,2424,,17,,2,,18,,2389,
상투메 프린시페🇸🇹,1.6,98.0,10778,219159,2362,,11,,N/A,,37,,2314,
피지🇫🇯,0.4,27.2,2532,896445,2270,180,1643,+92,2,,9,+2,618,+86
세인트빈센트 그레나딘🇻🇨,0.5,88.2,19794,110940,2196,1,248,,2,,12,,1936,+1
세인트마틴 섬🇲🇫,0.6,65.6,55165,38666,2133,,722,,7,,12,,1399,
라오스🇱🇦,0.1,94.5,284,7275560,2067,13,110,+7,N/A,,3,,1954,+6
부탄🇧🇹,0.1,86.9,2513,771608,1939,15,253,+6,N/A,,1,,1685,+9
모리셔스🇲🇺,1.1,74.4,1338,1271768,1701,,418,,N/A,,18,,1265,
카리브 네덜란드🇧🇶,1.0,98.1,62274,26223,1633,1,14,-2,N/A,,17,,1602,+3
맨섬🇮🇲,1.8,97.9,18804,85033,1599,,4,,1,,29,,1566,
앤티가 바부다🇦🇬,3.3,96.7,12897,97929,1263,,0,,N/A,,42,,1221,
생바르텔레미🇧🇱,0.1,46.0,101752,9877,1005,,542,,N/A,,1,,462,
페로 제도🇫🇴,0.1,98.3,15717,48863,768,2,12,+2,N/A,,1,,755,
케이맨 제도🇰🇾,0.3,96.4,9266,65722,609,1,20,+1,N/A,,2,,587,
탄자니아🇹🇿,4.1,36.0,9,59734218,509,,305,,7,,21,,183,
왈리스 퓌티나🇼🇫,1.6,98.4,-,-,445,,0,,N/A,,7,,438,
세인트키츠 네비스🇰🇳,0.6,21.4,6579,53199,350,9,273,+8,1,,2,+1,75,
브루나이🇧🇳,1.2,95.7,585,437479,256,1,8,,N/A,,3,,245,+1
영국령 버진아일랜드🇻🇬,0.4,84.3,8203,30231,248,,38,,N/A,,1,,209,
도미니카 연방🇩🇲,-,99.0,2653,71986,191,,2,,N/A,,0,,189,
그레나다🇬🇩,0.6,99.4,1431,112523,161,,0,,N/A,,1,,160,
뉴칼레도니아🇳🇨,-,45.0,452,285498,129,,71,,N/A,,0,,58,
앵귈라🇦🇮,-,100,7265,15003,109,,0,,N/A,,0,,109,
포클랜드 제도🇫🇰,-,100,18103,3480,63,,0,,N/A,,0,,63,
마카오🇲🇴,-,96.2,82,649335,53,,2,,N/A,,0,,51,
그린란드🇬🇱,-,80,881,56770,50,1,10,+1,N/A,,0,,40,
바티칸 시국🇻🇦,-,100,33708,801,27,,0,,N/A,,0,,27,
생피에르 미클롱🇵🇲,-,96.2,4487,5794,26,,1,,N/A,,0,,25,
몬트세랫🇲🇸,5,95,4006,4992,20,,0,,N/A,,1,,19,
솔로몬 제도🇸🇧,-,100,29,686884,20,,0,,N/A,,0,,20,
서사하라🇪🇭,10,80,17,597339,10,,1,,N/A,,1,,8,
잔담(크루즈)🚢,22.2,77.8,-,-,9,,0,,N/A,,2,,7,
마셜 제도🇲🇭,-,100,68,59190,4,,0,,N/A,,0,,4,
바누아투🇻🇺,25,75,13,307145,4,,0,,N/A,,1,,3,
사모아🇼🇸,-,100,15,198414,3,,0,,N/A,,0,,3,
세인트헬레나🇸🇭,-,100,329,6077,2,,0,,N/A,,0,,2,
미크로네시아🇫🇲,-,100,9,115023,1,,0,,N/A,,0,,1,
